Model,Validation Accuracy
CNN,0.3968749940395355
MobileNetV2,0.40625
EfficientNetB0,0.25312501192092896
